planner,planner_id,success_rate,under_5s_rate,avg_wall_time_s,avg_vertices_generated,avg_path_cost,avg_waypoints,fallback_count
rrt,0,1.0,1.0,0.041518652497325094,4.3,11.126242569995389,58.35,0
rrt_connect,1,1.0,1.0,0.035069586700410584,7.75,10.861195681181972,56.9,0
rrt_star,2,1.0,1.0,1.3753407824406167,2180.2,10.738479583108731,57.15,0
prm,3,1.0,1.0,0.22176655610674062,602.0,10.835895525650612,60.8,0
