planner,planner_id,success_rate,under_5s_rate,avg_wall_time_s,avg_vertices_generated,avg_path_cost,avg_waypoints,fallback_count
rrt,0,1.0,1.0,0.05837068415421527,14.75,7.541683480041208,64.55,0
rrt_connect,1,1.0,1.0,0.05187912554538343,22.35,7.345083055046507,64.8,0
rrt_star,2,1.0,1.0,3.8124988171533913,7667.35,6.866604115749906,64.45,0
prm,3,1.0,1.0,0.194798176252516,1328.0,6.902828877175328,67.1,0
